"province","assembly","constituency_number","count"
"Balochistan","National Assembly","NA-257",19
"Balochistan","National Assembly","NA-258",22
"Balochistan","National Assembly","NA-259",29
"Balochistan","National Assembly","NA-260",27
"Balochistan","National Assembly","NA-261",19
"Balochistan","National Assembly","NA-262",20
"Balochistan","National Assembly","NA-263",14
"Balochistan","National Assembly","NA-264",25
"Balochistan","National Assembly","NA-265",39
"Balochistan","National Assembly","NA-266",22
"Balochistan","National Assembly","NA-267",25
"Balochistan","National Assembly","NA-268",30
"Balochistan","National Assembly","NA-269",25
"Balochistan","National Assembly","NA-270",15
"Balochistan","National Assembly","NA-271",20
"Balochistan","National Assembly","NA-272",23
"Balochistan","National Assembly","Womens List",40
"Balochistan","Provincial Assembly","Minority List",24
"Balochistan","Provincial Assembly","PB-1",40
"Balochistan","Provincial Assembly","PB-10",21
"Balochistan","Provincial Assembly","PB-11",45
"Balochistan","Provincial Assembly","PB-12",32
"Balochistan","Provincial Assembly","PB-13",27
"Balochistan","Provincial Assembly","PB-14",21
"Balochistan","Provincial Assembly","PB-15",22
"Balochistan","Provincial Assembly","PB-16",12
"Balochistan","Provincial Assembly","PB-17",31
"Balochistan","Provincial Assembly","PB-18",2
"Balochistan","Provincial Assembly","PB-19",27
"Balochistan","Provincial Assembly","PB-2",36
"Balochistan","Provincial Assembly","PB-20",24
"Balochistan","Provincial Assembly","PB-21",19
"Balochistan","Provincial Assembly","PB-22",17
"Balochistan","Provincial Assembly","PB-23",28
"Balochistan","Provincial Assembly","PB-24",28
"Balochistan","Provincial Assembly","PB-25",34
"Balochistan","Provincial Assembly","PB-26",48
"Balochistan","Provincial Assembly","PB-27",29
"Balochistan","Provincial Assembly","PB-28",52
"Balochistan","Provincial Assembly","PB-29",39
"Balochistan","Provincial Assembly","PB-3",24
"Balochistan","Provincial Assembly","PB-30",23
"Balochistan","Provincial Assembly","PB-31",29
"Balochistan","Provincial Assembly","PB-32",40
"Balochistan","Provincial Assembly","PB-33",34
"Balochistan","Provincial Assembly","PB-34",23
"Balochistan","Provincial Assembly","PB-35",30
"Balochistan","Provincial Assembly","PB-36",16
"Balochistan","Provincial Assembly","PB-37",33
"Balochistan","Provincial Assembly","PB-38",23
"Balochistan","Provincial Assembly","PB-39",27
"Balochistan","Provincial Assembly","PB-4",13
"Balochistan","Provincial Assembly","PB-40",11
"Balochistan","Provincial Assembly","PB-41",25
"Balochistan","Provincial Assembly","PB-42",28
"Balochistan","Provincial Assembly","PB-43",25
"Balochistan","Provincial Assembly","PB-44",30
"Balochistan","Provincial Assembly","PB-45",13
"Balochistan","Provincial Assembly","PB-46",14
"Balochistan","Provincial Assembly","PB-47",8
"Balochistan","Provincial Assembly","PB-48",15
"Balochistan","Provincial Assembly","PB-49",23
"Balochistan","Provincial Assembly","PB-5",35
"Balochistan","Provincial Assembly","PB-50",17
"Balochistan","Provincial Assembly","PB-51",25
"Balochistan","Provincial Assembly","PB-6",25
"Balochistan","Provincial Assembly","PB-7",21
"Balochistan","Provincial Assembly","PB-8",19
"Balochistan","Provincial Assembly","PB-9",19
"Balochistan","Provincial Assembly","Womens List",13
"KPK","National Assembly","NA-1",19
"KPK","National Assembly","NA-10",18
"KPK","National Assembly","NA-11",26
"KPK","National Assembly","NA-12",15
"KPK","National Assembly","NA-13",20
"KPK","National Assembly","NA-14",18
"KPK","National Assembly","NA-15",21
"KPK","National Assembly","NA-16",20
"KPK","National Assembly","NA-17",15
"KPK","National Assembly","NA-18",23
"KPK","National Assembly","NA-19",21
"KPK","National Assembly","NA-2",21
"KPK","National Assembly","NA-20",16
"KPK","National Assembly","NA-21",12
"KPK","National Assembly","NA-22",13
"KPK","National Assembly","NA-23",16
"KPK","National Assembly","NA-24",13
"KPK","National Assembly","NA-25",12
"KPK","National Assembly","NA-26",9
"KPK","National Assembly","NA-27",13
"KPK","National Assembly","NA-28",9
"KPK","National Assembly","NA-29",11
"KPK","National Assembly","NA-3",22
"KPK","National Assembly","NA-30",14
"KPK","National Assembly","NA-31",19
"KPK","National Assembly","NA-32",17
"KPK","National Assembly","NA-33",21
"KPK","National Assembly","NA-34",30
"KPK","National Assembly","NA-35",19
"KPK","National Assembly","NA-36",28
"KPK","National Assembly","NA-37",14
"KPK","National Assembly","NA-38",20
"KPK","National Assembly","NA-39",16
"KPK","National Assembly","NA-4",20
"KPK","National Assembly","NA-40",26
"KPK","National Assembly","NA-41",13
"KPK","National Assembly","NA-42",21
"KPK","National Assembly","NA-43",20
"KPK","National Assembly","NA-44",50
"KPK","National Assembly","NA-45",60
"KPK","National Assembly","NA-46",30
"KPK","National Assembly","NA-47",35
"KPK","National Assembly","NA-48",41
"KPK","National Assembly","NA-49",29
"KPK","National Assembly","NA-5",18
"KPK","National Assembly","NA-50",29
"KPK","National Assembly","NA-51",20
"KPK","National Assembly","NA-6",21
"KPK","National Assembly","NA-7",13
"KPK","National Assembly","NA-8",28
"KPK","National Assembly","NA-9",21
"KPK","National Assembly","Womens List",90
"KPK","Provincial Assembly","Minority List",59
"KPK","Provincial Assembly","PK-1",27
"KPK","Provincial Assembly","PK-10",28
"KPK","Provincial Assembly","PK-11",19
"KPK","Provincial Assembly","PK-12",17
"KPK","Provincial Assembly","PK-13",17
"KPK","Provincial Assembly","PK-14",25
"KPK","Provincial Assembly","PK-15",22
"KPK","Provincial Assembly","PK-16",12
"KPK","Provincial Assembly","PK-17",16
"KPK","Provincial Assembly","PK-18",15
"KPK","Provincial Assembly","PK-19",24
"KPK","Provincial Assembly","PK-2",17
"KPK","Provincial Assembly","PK-20",20
"KPK","Provincial Assembly","PK-21",20
"KPK","Provincial Assembly","PK-22",18
"KPK","Provincial Assembly","PK-23",24
"KPK","Provincial Assembly","PK-24",17
"KPK","Provincial Assembly","PK-25",31
"KPK","Provincial Assembly","PK-26",6
"KPK","Provincial Assembly","PK-27",13
"KPK","Provincial Assembly","PK-28",14
"KPK","Provincial Assembly","PK-29",23
"KPK","Provincial Assembly","PK-3",14
"KPK","Provincial Assembly","PK-30",25
"KPK","Provincial Assembly","PK-31",17
"KPK","Provincial Assembly","PK-32",19
"KPK","Provincial Assembly","PK-33",23
"KPK","Provincial Assembly","PK-34",30
"KPK","Provincial Assembly","PK-35",11
"KPK","Provincial Assembly","PK-36",27
"KPK","Provincial Assembly","PK-37",26
"KPK","Provincial Assembly","PK-38",30
"KPK","Provincial Assembly","PK-39",23
"KPK","Provincial Assembly","PK-4",29
"KPK","Provincial Assembly","PK-40",14
"KPK","Provincial Assembly","PK-41",10
"KPK","Provincial Assembly","PK-42",18
"KPK","Provincial Assembly","PK-43",31
"KPK","Provincial Assembly","PK-44",16
"KPK","Provincial Assembly","PK-45",18
"KPK","Provincial Assembly","PK-46",15
"KPK","Provincial Assembly","PK-47",19
"KPK","Provincial Assembly","PK-48",10
"KPK","Provincial Assembly","PK-49",19
"KPK","Provincial Assembly","PK-5",23
"KPK","Provincial Assembly","PK-50",12
"KPK","Provincial Assembly","PK-51",5
"KPK","Provincial Assembly","PK-52",22
"KPK","Provincial Assembly","PK-53",16
"KPK","Provincial Assembly","PK-54",17
"KPK","Provincial Assembly","PK-55",23
"KPK","Provincial Assembly","PK-56",24
"KPK","Provincial Assembly","PK-57",18
"KPK","Provincial Assembly","PK-58",15
"KPK","Provincial Assembly","PK-59",16
"KPK","Provincial Assembly","PK-6",25
"KPK","Provincial Assembly","PK-60",20
"KPK","Provincial Assembly","PK-61",23
"KPK","Provincial Assembly","PK-62",18
"KPK","Provincial Assembly","PK-63",18
"KPK","Provincial Assembly","PK-64",12
"KPK","Provincial Assembly","PK-65",19
"KPK","Provincial Assembly","PK-66",19
"KPK","Provincial Assembly","PK-67",16
"KPK","Provincial Assembly","PK-68",16
"KPK","Provincial Assembly","PK-69",15
"KPK","Provincial Assembly","PK-7",22
"KPK","Provincial Assembly","PK-70",17
"KPK","Provincial Assembly","PK-71",16
"KPK","Provincial Assembly","PK-72",6
"KPK","Provincial Assembly","PK-73",32
"KPK","Provincial Assembly","PK-74",18
"KPK","Provincial Assembly","PK-75",30
"KPK","Provincial Assembly","PK-76",32
"KPK","Provincial Assembly","PK-77",31
"KPK","Provincial Assembly","PK-78",29
"KPK","Provincial Assembly","PK-79",23
"KPK","Provincial Assembly","PK-8",20
"KPK","Provincial Assembly","PK-80",13
"KPK","Provincial Assembly","PK-81",26
"KPK","Provincial Assembly","PK-82",18
"KPK","Provincial Assembly","PK-83",25
"KPK","Provincial Assembly","PK-84",26
"KPK","Provincial Assembly","PK-85",21
"KPK","Provincial Assembly","PK-86",32
"KPK","Provincial Assembly","PK-87",16
"KPK","Provincial Assembly","PK-88",12
"KPK","Provincial Assembly","PK-89",24
"KPK","Provincial Assembly","PK-9",19
"KPK","Provincial Assembly","PK-90",18
"KPK","Provincial Assembly","PK-91",24
"KPK","Provincial Assembly","PK-92",22
"KPK","Provincial Assembly","PK-93",26
"KPK","Provincial Assembly","PK-94",20
"KPK","Provincial Assembly","PK-95",14
"KPK","Provincial Assembly","PK-96",19
"KPK","Provincial Assembly","PK-97",21
"KPK","Provincial Assembly","PK-98",12
"KPK","Provincial Assembly","PK-99",14
"KPK","Provincial Assembly","Womens List",177
"National","National Assembly","Minority List",215
"Punjab","National Assembly","NA-100",3
"Punjab","National Assembly","NA-101",29
"Punjab","National Assembly","NA-102",24
"Punjab","National Assembly","NA-103",18
"Punjab","National Assembly","NA-104",18
"Punjab","National Assembly","NA-105",16
"Punjab","National Assembly","NA-106",14
"Punjab","National Assembly","NA-107",14
"Punjab","National Assembly","NA-108",14
"Punjab","National Assembly","NA-109",18
"Punjab","National Assembly","NA-110",23
"Punjab","National Assembly","NA-111",15
"Punjab","National Assembly","NA-112",18
"Punjab","National Assembly","NA-113",18
"Punjab","National Assembly","NA-114",4
"Punjab","National Assembly","NA-115",18
"Punjab","National Assembly","NA-116",14
"Punjab","National Assembly","NA-117",24
"Punjab","National Assembly","NA-118",14
"Punjab","National Assembly","NA-119",11
"Punjab","National Assembly","NA-120",11
"Punjab","National Assembly","NA-121",22
"Punjab","National Assembly","NA-122",13
"Punjab","National Assembly","NA-123",23
"Punjab","National Assembly","NA-124",10
"Punjab","National Assembly","NA-125",25
"Punjab","National Assembly","NA-126",27
"Punjab","National Assembly","NA-127",4
"Punjab","National Assembly","NA-128",17
"Punjab","National Assembly","NA-129",17
"Punjab","National Assembly","NA-130",24
"Punjab","National Assembly","NA-131",23
"Punjab","National Assembly","NA-132",24
"Punjab","National Assembly","NA-133",26
"Punjab","National Assembly","NA-134",16
"Punjab","National Assembly","NA-135",14
"Punjab","National Assembly","NA-136",15
"Punjab","National Assembly","NA-137",33
"Punjab","National Assembly","NA-138",21
"Punjab","National Assembly","NA-139",22
"Punjab","National Assembly","NA-140",14
"Punjab","National Assembly","NA-141",15
"Punjab","National Assembly","NA-142",17
"Punjab","National Assembly","NA-143",18
"Punjab","National Assembly","NA-144",14
"Punjab","National Assembly","NA-145",14
"Punjab","National Assembly","NA-146",18
"Punjab","National Assembly","NA-147",19
"Punjab","National Assembly","NA-148",17
"Punjab","National Assembly","NA-149",16
"Punjab","National Assembly","NA-150",11
"Punjab","National Assembly","NA-151",10
"Punjab","National Assembly","NA-152",12
"Punjab","National Assembly","NA-153",8
"Punjab","National Assembly","NA-154",22
"Punjab","National Assembly","NA-155",25
"Punjab","National Assembly","NA-156",23
"Punjab","National Assembly","NA-157",2
"Punjab","National Assembly","NA-158",10
"Punjab","National Assembly","NA-159",18
"Punjab","National Assembly","NA-160",9
"Punjab","National Assembly","NA-161",20
"Punjab","National Assembly","NA-162",13
"Punjab","National Assembly","NA-163",13
"Punjab","National Assembly","NA-164",15
"Punjab","National Assembly","NA-165",8
"Punjab","National Assembly","NA-166",8
"Punjab","National Assembly","NA-167",19
"Punjab","National Assembly","NA-168",15
"Punjab","National Assembly","NA-169",11
"Punjab","National Assembly","NA-170",21
"Punjab","National Assembly","NA-171",7
"Punjab","National Assembly","NA-172",6
"Punjab","National Assembly","NA-173",9
"Punjab","National Assembly","NA-174",7
"Punjab","National Assembly","NA-175",12
"Punjab","National Assembly","NA-176",18
"Punjab","National Assembly","NA-177",16
"Punjab","National Assembly","NA-178",5
"Punjab","National Assembly","NA-179",14
"Punjab","National Assembly","NA-180",17
"Punjab","National Assembly","NA-181",26
"Punjab","National Assembly","NA-182",24
"Punjab","National Assembly","NA-183",23
"Punjab","National Assembly","NA-184",22
"Punjab","National Assembly","NA-185",8
"Punjab","National Assembly","NA-186",13
"Punjab","National Assembly","NA-187",13
"Punjab","National Assembly","NA-188",12
"Punjab","National Assembly","NA-189",40
"Punjab","National Assembly","NA-190",10
"Punjab","National Assembly","NA-191",16
"Punjab","National Assembly","NA-192",17
"Punjab","National Assembly","NA-193",12
"Punjab","National Assembly","NA-194",13
"Punjab","National Assembly","NA-195",9
"Punjab","National Assembly","NA-52",26
"Punjab","National Assembly","NA-53",50
"Punjab","National Assembly","NA-54",33
"Punjab","National Assembly","NA-55",15
"Punjab","National Assembly","NA-56",11
"Punjab","National Assembly","NA-57",13
"Punjab","National Assembly","NA-58",19
"Punjab","National Assembly","NA-59",15
"Punjab","National Assembly","NA-60",28
"Punjab","National Assembly","NA-61",29
"Punjab","National Assembly","NA-62",26
"Punjab","National Assembly","NA-63",15
"Punjab","National Assembly","NA-64",16
"Punjab","National Assembly","NA-65",15
"Punjab","National Assembly","NA-66",16
"Punjab","National Assembly","NA-67",17
"Punjab","National Assembly","NA-68",17
"Punjab","National Assembly","NA-69",22
"Punjab","National Assembly","NA-70",15
"Punjab","National Assembly","NA-71",17
"Punjab","National Assembly","NA-72",5
"Punjab","National Assembly","NA-73",20
"Punjab","National Assembly","NA-74",22
"Punjab","National Assembly","NA-75",19
"Punjab","National Assembly","NA-76",16
"Punjab","National Assembly","NA-77",22
"Punjab","National Assembly","NA-78",19
"Punjab","National Assembly","NA-79",21
"Punjab","National Assembly","NA-80",19
"Punjab","National Assembly","NA-81",20
"Punjab","National Assembly","NA-82",25
"Punjab","National Assembly","NA-83",12
"Punjab","National Assembly","NA-84",14
"Punjab","National Assembly","NA-85",22
"Punjab","National Assembly","NA-86",15
"Punjab","National Assembly","NA-87",23
"Punjab","National Assembly","NA-88",18
"Punjab","National Assembly","NA-89",6
"Punjab","National Assembly","NA-90",26
"Punjab","National Assembly","NA-91",16
"Punjab","National Assembly","NA-92",17
"Punjab","National Assembly","NA-93",14
"Punjab","National Assembly","NA-94",13
"Punjab","National Assembly","NA-95",16
"Punjab","National Assembly","NA-96",9
"Punjab","National Assembly","NA-97",17
"Punjab","National Assembly","NA-98",13
"Punjab","National Assembly","NA-99",16
"Punjab","National Assembly","Womens List",172
"Punjab","Provincial Assembly","Minority List",141
"Punjab","Provincial Assembly","PP-1",7
"Punjab","Provincial Assembly","PP-10",24
"Punjab","Provincial Assembly","PP-100",29
"Punjab","Provincial Assembly","PP-101",25
"Punjab","Provincial Assembly","PP-102",35
"Punjab","Provincial Assembly","PP-103",17
"Punjab","Provincial Assembly","PP-104",19
"Punjab","Provincial Assembly","PP-105",21
"Punjab","Provincial Assembly","PP-106",27
"Punjab","Provincial Assembly","PP-107",30
"Punjab","Provincial Assembly","PP-108",14
"Punjab","Provincial Assembly","PP-109",17
"Punjab","Provincial Assembly","PP-11",27
"Punjab","Provincial Assembly","PP-110",26
"Punjab","Provincial Assembly","PP-111",37
"Punjab","Provincial Assembly","PP-112",30
"Punjab","Provincial Assembly","PP-113",23
"Punjab","Provincial Assembly","PP-114",4
"Punjab","Provincial Assembly","PP-115",36
"Punjab","Provincial Assembly","PP-116",22
"Punjab","Provincial Assembly","PP-117",43
"Punjab","Provincial Assembly","PP-118",15
"Punjab","Provincial Assembly","PP-119",21
"Punjab","Provincial Assembly","PP-12",19
"Punjab","Provincial Assembly","PP-120",13
"Punjab","Provincial Assembly","PP-121",21
"Punjab","Provincial Assembly","PP-122",27
"Punjab","Provincial Assembly","PP-123",23
"Punjab","Provincial Assembly","PP-124",18
"Punjab","Provincial Assembly","PP-125",14
"Punjab","Provincial Assembly","PP-126",22
"Punjab","Provincial Assembly","PP-127",18
"Punjab","Provincial Assembly","PP-128",13
"Punjab","Provincial Assembly","PP-129",17
"Punjab","Provincial Assembly","PP-13",23
"Punjab","Provincial Assembly","PP-130",10
"Punjab","Provincial Assembly","PP-131",19
"Punjab","Provincial Assembly","PP-132",22
"Punjab","Provincial Assembly","PP-133",28
"Punjab","Provincial Assembly","PP-134",27
"Punjab","Provincial Assembly","PP-135",6
"Punjab","Provincial Assembly","PP-136",19
"Punjab","Provincial Assembly","PP-137",13
"Punjab","Provincial Assembly","PP-138",25
"Punjab","Provincial Assembly","PP-139",24
"Punjab","Provincial Assembly","PP-14",41
"Punjab","Provincial Assembly","PP-140",39
"Punjab","Provincial Assembly","PP-141",26
"Punjab","Provincial Assembly","PP-142",34
"Punjab","Provincial Assembly","PP-143",25
"Punjab","Provincial Assembly","PP-144",36
"Punjab","Provincial Assembly","PP-145",31
"Punjab","Provincial Assembly","PP-146",24
"Punjab","Provincial Assembly","PP-147",34
"Punjab","Provincial Assembly","PP-148",33
"Punjab","Provincial Assembly","PP-149",30
"Punjab","Provincial Assembly","PP-15",26
"Punjab","Provincial Assembly","PP-150",24
"Punjab","Provincial Assembly","PP-151",20
"Punjab","Provincial Assembly","PP-152",24
"Punjab","Provincial Assembly","PP-153",37
"Punjab","Provincial Assembly","PP-154",18
"Punjab","Provincial Assembly","PP-155",32
"Punjab","Provincial Assembly","PP-156",29
"Punjab","Provincial Assembly","PP-157",13
"Punjab","Provincial Assembly","PP-158",29
"Punjab","Provincial Assembly","PP-159",36
"Punjab","Provincial Assembly","PP-16",35
"Punjab","Provincial Assembly","PP-160",28
"Punjab","Provincial Assembly","PP-161",16
"Punjab","Provincial Assembly","PP-162",29
"Punjab","Provincial Assembly","PP-163",30
"Punjab","Provincial Assembly","PP-164",36
"Punjab","Provincial Assembly","PP-165",37
"Punjab","Provincial Assembly","PP-166",42
"Punjab","Provincial Assembly","PP-167",38
"Punjab","Provincial Assembly","PP-168",36
"Punjab","Provincial Assembly","PP-169",33
"Punjab","Provincial Assembly","PP-17",29
"Punjab","Provincial Assembly","PP-170",31
"Punjab","Provincial Assembly","PP-171",34
"Punjab","Provincial Assembly","PP-172",42
"Punjab","Provincial Assembly","PP-173",20
"Punjab","Provincial Assembly","PP-174",25
"Punjab","Provincial Assembly","PP-175",32
"Punjab","Provincial Assembly","PP-176",18
"Punjab","Provincial Assembly","PP-177",32
"Punjab","Provincial Assembly","PP-178",23
"Punjab","Provincial Assembly","PP-179",10
"Punjab","Provincial Assembly","PP-18",11
"Punjab","Provincial Assembly","PP-180",10
"Punjab","Provincial Assembly","PP-181",18
"Punjab","Provincial Assembly","PP-182",44
"Punjab","Provincial Assembly","PP-183",22
"Punjab","Provincial Assembly","PP-184",21
"Punjab","Provincial Assembly","PP-185",21
"Punjab","Provincial Assembly","PP-186",17
"Punjab","Provincial Assembly","PP-187",18
"Punjab","Provincial Assembly","PP-188",15
"Punjab","Provincial Assembly","PP-189",4
"Punjab","Provincial Assembly","PP-19",11
"Punjab","Provincial Assembly","PP-190",20
"Punjab","Provincial Assembly","PP-191",26
"Punjab","Provincial Assembly","PP-192",18
"Punjab","Provincial Assembly","PP-193",14
"Punjab","Provincial Assembly","PP-194",14
"Punjab","Provincial Assembly","PP-195",12
"Punjab","Provincial Assembly","PP-196",11
"Punjab","Provincial Assembly","PP-197",15
"Punjab","Provincial Assembly","PP-198",15
"Punjab","Provincial Assembly","PP-199",16
"Punjab","Provincial Assembly","PP-2",9
"Punjab","Provincial Assembly","PP-20",23
"Punjab","Provincial Assembly","PP-200",11
"Punjab","Provincial Assembly","PP-201",9
"Punjab","Provincial Assembly","PP-202",13
"Punjab","Provincial Assembly","PP-203",17
"Punjab","Provincial Assembly","PP-204",21
"Punjab","Provincial Assembly","PP-205",12
"Punjab","Provincial Assembly","PP-206",20
"Punjab","Provincial Assembly","PP-207",15
"Punjab","Provincial Assembly","PP-208",12
"Punjab","Provincial Assembly","PP-209",12
"Punjab","Provincial Assembly","PP-21",14
"Punjab","Provincial Assembly","PP-210",10
"Punjab","Provincial Assembly","PP-211",25
"Punjab","Provincial Assembly","PP-212",30
"Punjab","Provincial Assembly","PP-213",36
"Punjab","Provincial Assembly","PP-214",23
"Punjab","Provincial Assembly","PP-215",19
"Punjab","Provincial Assembly","PP-216",31
"Punjab","Provincial Assembly","PP-217",22
"Punjab","Provincial Assembly","PP-218",16
"Punjab","Provincial Assembly","PP-219",2
"Punjab","Provincial Assembly","PP-22",20
"Punjab","Provincial Assembly","PP-220",16
"Punjab","Provincial Assembly","PP-221",13
"Punjab","Provincial Assembly","PP-222",15
"Punjab","Provincial Assembly","PP-223",28
"Punjab","Provincial Assembly","PP-224",12
"Punjab","Provincial Assembly","PP-225",14
"Punjab","Provincial Assembly","PP-226",14
"Punjab","Provincial Assembly","PP-227",18
"Punjab","Provincial Assembly","PP-228",10
"Punjab","Provincial Assembly","PP-229",27
"Punjab","Provincial Assembly","PP-23",16
"Punjab","Provincial Assembly","PP-230",21
"Punjab","Provincial Assembly","PP-231",21
"Punjab","Provincial Assembly","PP-232",17
"Punjab","Provincial Assembly","PP-233",23
"Punjab","Provincial Assembly","PP-234",18
"Punjab","Provincial Assembly","PP-235",13
"Punjab","Provincial Assembly","PP-236",17
"Punjab","Provincial Assembly","PP-237",13
"Punjab","Provincial Assembly","PP-238",13
"Punjab","Provincial Assembly","PP-239",26
"Punjab","Provincial Assembly","PP-24",17
"Punjab","Provincial Assembly","PP-240",27
"Punjab","Provincial Assembly","PP-241",20
"Punjab","Provincial Assembly","PP-242",17
"Punjab","Provincial Assembly","PP-243",11
"Punjab","Provincial Assembly","PP-244",22
"Punjab","Provincial Assembly","PP-245",15
"Punjab","Provincial Assembly","PP-246",40
"Punjab","Provincial Assembly","PP-247",8
"Punjab","Provincial Assembly","PP-248",9
"Punjab","Provincial Assembly","PP-249",11
"Punjab","Provincial Assembly","PP-25",20
"Punjab","Provincial Assembly","PP-250",13
"Punjab","Provincial Assembly","PP-251",8
"Punjab","Provincial Assembly","PP-252",15
"Punjab","Provincial Assembly","PP-253",13
"Punjab","Provincial Assembly","PP-254",6
"Punjab","Provincial Assembly","PP-255",9
"Punjab","Provincial Assembly","PP-256",12
"Punjab","Provincial Assembly","PP-257",16
"Punjab","Provincial Assembly","PP-258",20
"Punjab","Provincial Assembly","PP-259",28
"Punjab","Provincial Assembly","PP-26",26
"Punjab","Provincial Assembly","PP-260",22
"Punjab","Provincial Assembly","PP-261",23
"Punjab","Provincial Assembly","PP-262",19
"Punjab","Provincial Assembly","PP-263",16
"Punjab","Provincial Assembly","PP-264",10
"Punjab","Provincial Assembly","PP-265",16
"Punjab","Provincial Assembly","PP-266",29
"Punjab","Provincial Assembly","PP-267",14
"Punjab","Provincial Assembly","PP-268",17
"Punjab","Provincial Assembly","PP-269",25
"Punjab","Provincial Assembly","PP-27",26
"Punjab","Provincial Assembly","PP-270",35
"Punjab","Provincial Assembly","PP-271",15
"Punjab","Provincial Assembly","PP-272",16
"Punjab","Provincial Assembly","PP-273",17
"Punjab","Provincial Assembly","PP-274",9
"Punjab","Provincial Assembly","PP-275",19
"Punjab","Provincial Assembly","PP-276",22
"Punjab","Provincial Assembly","PP-277",20
"Punjab","Provincial Assembly","PP-278",19
"Punjab","Provincial Assembly","PP-279",21
"Punjab","Provincial Assembly","PP-28",15
"Punjab","Provincial Assembly","PP-280",16
"Punjab","Provincial Assembly","PP-281",16
"Punjab","Provincial Assembly","PP-282",18
"Punjab","Provincial Assembly","PP-283",13
"Punjab","Provincial Assembly","PP-284",22
"Punjab","Provincial Assembly","PP-285",24
"Punjab","Provincial Assembly","PP-286",14
"Punjab","Provincial Assembly","PP-287",16
"Punjab","Provincial Assembly","PP-288",13
"Punjab","Provincial Assembly","PP-289",31
"Punjab","Provincial Assembly","PP-29",24
"Punjab","Provincial Assembly","PP-290",21
"Punjab","Provincial Assembly","PP-291",16
"Punjab","Provincial Assembly","PP-292",19
"Punjab","Provincial Assembly","PP-293",11
"Punjab","Provincial Assembly","PP-294",13
"Punjab","Provincial Assembly","PP-295",16
"Punjab","Provincial Assembly","PP-296",17
"Punjab","Provincial Assembly","PP-297",8
"Punjab","Provincial Assembly","PP-3",23
"Punjab","Provincial Assembly","PP-30",19
"Punjab","Provincial Assembly","PP-31",38
"Punjab","Provincial Assembly","PP-32",13
"Punjab","Provincial Assembly","PP-33",31
"Punjab","Provincial Assembly","PP-34",20
"Punjab","Provincial Assembly","PP-35",21
"Punjab","Provincial Assembly","PP-36",17
"Punjab","Provincial Assembly","PP-37",14
"Punjab","Provincial Assembly","PP-38",18
"Punjab","Provincial Assembly","PP-39",33
"Punjab","Provincial Assembly","PP-4",15
"Punjab","Provincial Assembly","PP-40",29
"Punjab","Provincial Assembly","PP-41",35
"Punjab","Provincial Assembly","PP-42",29
"Punjab","Provincial Assembly","PP-43",25
"Punjab","Provincial Assembly","PP-44",29
"Punjab","Provincial Assembly","PP-45",14
"Punjab","Provincial Assembly","PP-46",15
"Punjab","Provincial Assembly","PP-47",33
"Punjab","Provincial Assembly","PP-48",23
"Punjab","Provincial Assembly","PP-49",19
"Punjab","Provincial Assembly","PP-5",21
"Punjab","Provincial Assembly","PP-50",18
"Punjab","Provincial Assembly","PP-51",20
"Punjab","Provincial Assembly","PP-52",23
"Punjab","Provincial Assembly","PP-53",36
"Punjab","Provincial Assembly","PP-54",23
"Punjab","Provincial Assembly","PP-55",27
"Punjab","Provincial Assembly","PP-56",35
"Punjab","Provincial Assembly","PP-57",35
"Punjab","Provincial Assembly","PP-58",35
"Punjab","Provincial Assembly","PP-59",27
"Punjab","Provincial Assembly","PP-6",33
"Punjab","Provincial Assembly","PP-60",19
"Punjab","Provincial Assembly","PP-61",18
"Punjab","Provincial Assembly","PP-62",25
"Punjab","Provincial Assembly","PP-63",19
"Punjab","Provincial Assembly","PP-64",22
"Punjab","Provincial Assembly","PP-65",21
"Punjab","Provincial Assembly","PP-66",19
"Punjab","Provincial Assembly","PP-67",18
"Punjab","Provincial Assembly","PP-68",31
"Punjab","Provincial Assembly","PP-69",17
"Punjab","Provincial Assembly","PP-7",15
"Punjab","Provincial Assembly","PP-70",15
"Punjab","Provincial Assembly","PP-71",18
"Punjab","Provincial Assembly","PP-72",15
"Punjab","Provincial Assembly","PP-73",25
"Punjab","Provincial Assembly","PP-74",10
"Punjab","Provincial Assembly","PP-75",16
"Punjab","Provincial Assembly","PP-76",21
"Punjab","Provincial Assembly","PP-77",38
"Punjab","Provincial Assembly","PP-78",28
"Punjab","Provincial Assembly","PP-79",25
"Punjab","Provincial Assembly","PP-8",31
"Punjab","Provincial Assembly","PP-80",18
"Punjab","Provincial Assembly","PP-81",9
"Punjab","Provincial Assembly","PP-82",15
"Punjab","Provincial Assembly","PP-83",13
"Punjab","Provincial Assembly","PP-84",5
"Punjab","Provincial Assembly","PP-85",14
"Punjab","Provincial Assembly","PP-86",15
"Punjab","Provincial Assembly","PP-87",16
"Punjab","Provincial Assembly","PP-88",15
"Punjab","Provincial Assembly","PP-89",15
"Punjab","Provincial Assembly","PP-9",25
"Punjab","Provincial Assembly","PP-90",24
"Punjab","Provincial Assembly","PP-91",10
"Punjab","Provincial Assembly","PP-92",22
"Punjab","Provincial Assembly","PP-93",16
"Punjab","Provincial Assembly","PP-94",20
"Punjab","Provincial Assembly","PP-95",12
"Punjab","Provincial Assembly","PP-96",19
"Punjab","Provincial Assembly","PP-97",20
"Punjab","Provincial Assembly","PP-98",28
"Punjab","Provincial Assembly","PP-99",28
"Punjab","Provincial Assembly","Womens List",668
"Sindh","National Assembly","NA-196",15
"Sindh","National Assembly","NA-197",18
"Sindh","National Assembly","NA-198",15
"Sindh","National Assembly","NA-199",12
"Sindh","National Assembly","NA-200",23
"Sindh","National Assembly","NA-201",15
"Sindh","National Assembly","NA-202",12
"Sindh","National Assembly","NA-203",13
"Sindh","National Assembly","NA-204",16
"Sindh","National Assembly","NA-205",11
"Sindh","National Assembly","NA-206",20
"Sindh","National Assembly","NA-207",4
"Sindh","National Assembly","NA-208",14
"Sindh","National Assembly","NA-209",10
"Sindh","National Assembly","NA-210",14
"Sindh","National Assembly","NA-211",24
"Sindh","National Assembly","NA-212",15
"Sindh","National Assembly","NA-213",18
"Sindh","National Assembly","NA-214",23
"Sindh","National Assembly","NA-215",17
"Sindh","National Assembly","NA-216",6
"Sindh","National Assembly","NA-217",21
"Sindh","National Assembly","NA-218",20
"Sindh","National Assembly","NA-219",7
"Sindh","National Assembly","NA-220",14
"Sindh","National Assembly","NA-221",9
"Sindh","National Assembly","NA-222",28
"Sindh","National Assembly","NA-223",21
"Sindh","National Assembly","NA-224",21
"Sindh","National Assembly","NA-225",17
"Sindh","National Assembly","NA-226",30
"Sindh","National Assembly","NA-227",29
"Sindh","National Assembly","NA-228",11
"Sindh","National Assembly","NA-229",13
"Sindh","National Assembly","NA-230",11
"Sindh","National Assembly","NA-231",12
"Sindh","National Assembly","NA-232",18
"Sindh","National Assembly","NA-233",13
"Sindh","National Assembly","NA-234",14
"Sindh","National Assembly","NA-235",9
"Sindh","National Assembly","NA-236",16
"Sindh","National Assembly","NA-237",27
"Sindh","National Assembly","NA-238",33
"Sindh","National Assembly","NA-239",32
"Sindh","National Assembly","NA-240",24
"Sindh","National Assembly","NA-241",28
"Sindh","National Assembly","NA-242",31
"Sindh","National Assembly","NA-243",25
"Sindh","National Assembly","NA-244",30
"Sindh","National Assembly","NA-245",29
"Sindh","National Assembly","NA-246",26
"Sindh","National Assembly","NA-247",27
"Sindh","National Assembly","NA-248",23
"Sindh","National Assembly","NA-249",26
"Sindh","National Assembly","NA-250",31
"Sindh","National Assembly","NA-251",22
"Sindh","National Assembly","NA-252",20
"Sindh","National Assembly","NA-253",25
"Sindh","National Assembly","NA-254",21
"Sindh","National Assembly","NA-255",29
"Sindh","National Assembly","NA-256",23
"Sindh","National Assembly","Womens List",178
"Sindh","Provincial Assembly","Minority List",56
"Sindh","Provincial Assembly","PS-1",17
"Sindh","Provincial Assembly","PS-10",14
"Sindh","Provincial Assembly","PS-100",33
"Sindh","Provincial Assembly","PS-101",24
"Sindh","Provincial Assembly","PS-102",21
"Sindh","Provincial Assembly","PS-103",41
"Sindh","Provincial Assembly","PS-104",29
"Sindh","Provincial Assembly","PS-105",35
"Sindh","Provincial Assembly","PS-106",42
"Sindh","Provincial Assembly","PS-107",36
"Sindh","Provincial Assembly","PS-108",14
"Sindh","Provincial Assembly","PS-109",22
"Sindh","Provincial Assembly","PS-11",27
"Sindh","Provincial Assembly","PS-110",38
"Sindh","Provincial Assembly","PS-111",21
"Sindh","Provincial Assembly","PS-112",21
"Sindh","Provincial Assembly","PS-113",16
"Sindh","Provincial Assembly","PS-114",34
"Sindh","Provincial Assembly","PS-115",36
"Sindh","Provincial Assembly","PS-116",30
"Sindh","Provincial Assembly","PS-117",34
"Sindh","Provincial Assembly","PS-118",22
"Sindh","Provincial Assembly","PS-119",37
"Sindh","Provincial Assembly","PS-12",23
"Sindh","Provincial Assembly","PS-120",32
"Sindh","Provincial Assembly","PS-121",23
"Sindh","Provincial Assembly","PS-122",28
"Sindh","Provincial Assembly","PS-123",34
"Sindh","Provincial Assembly","PS-124",30
"Sindh","Provincial Assembly","PS-125",31
"Sindh","Provincial Assembly","PS-126",27
"Sindh","Provincial Assembly","PS-127",32
"Sindh","Provincial Assembly","PS-128",28
"Sindh","Provincial Assembly","PS-129",28
"Sindh","Provincial Assembly","PS-13",21
"Sindh","Provincial Assembly","PS-130",33
"Sindh","Provincial Assembly","PS-14",14
"Sindh","Provincial Assembly","PS-15",21
"Sindh","Provincial Assembly","PS-16",21
"Sindh","Provincial Assembly","PS-17",31
"Sindh","Provincial Assembly","PS-18",1
"Sindh","Provincial Assembly","PS-19",15
"Sindh","Provincial Assembly","PS-2",16
"Sindh","Provincial Assembly","PS-20",8
"Sindh","Provincial Assembly","PS-21",19
"Sindh","Provincial Assembly","PS-22",19
"Sindh","Provincial Assembly","PS-23",22
"Sindh","Provincial Assembly","PS-24",47
"Sindh","Provincial Assembly","PS-25",25
"Sindh","Provincial Assembly","PS-26",17
"Sindh","Provincial Assembly","PS-27",3
"Sindh","Provincial Assembly","PS-28",19
"Sindh","Provincial Assembly","PS-29",6
"Sindh","Provincial Assembly","PS-3",9
"Sindh","Provincial Assembly","PS-30",28
"Sindh","Provincial Assembly","PS-31",11
"Sindh","Provincial Assembly","PS-32",15
"Sindh","Provincial Assembly","PS-33",18
"Sindh","Provincial Assembly","PS-34",27
"Sindh","Provincial Assembly","PS-35",24
"Sindh","Provincial Assembly","PS-36",15
"Sindh","Provincial Assembly","PS-37",22
"Sindh","Provincial Assembly","PS-38",32
"Sindh","Provincial Assembly","PS-39",12
"Sindh","Provincial Assembly","PS-4",14
"Sindh","Provincial Assembly","PS-40",20
"Sindh","Provincial Assembly","PS-41",17
"Sindh","Provincial Assembly","PS-42",12
"Sindh","Provincial Assembly","PS-43",17
"Sindh","Provincial Assembly","PS-44",30
"Sindh","Provincial Assembly","PS-45",23
"Sindh","Provincial Assembly","PS-46",20
"Sindh","Provincial Assembly","PS-47",28
"Sindh","Provincial Assembly","PS-48",20
"Sindh","Provincial Assembly","PS-49",13
"Sindh","Provincial Assembly","PS-5",16
"Sindh","Provincial Assembly","PS-50",9
"Sindh","Provincial Assembly","PS-51",18
"Sindh","Provincial Assembly","PS-52",18
"Sindh","Provincial Assembly","PS-53",16
"Sindh","Provincial Assembly","PS-54",17
"Sindh","Provincial Assembly","PS-55",23
"Sindh","Provincial Assembly","PS-56",18
"Sindh","Provincial Assembly","PS-57",30
"Sindh","Provincial Assembly","PS-58",16
"Sindh","Provincial Assembly","PS-59",25
"Sindh","Provincial Assembly","PS-6",2
"Sindh","Provincial Assembly","PS-60",31
"Sindh","Provincial Assembly","PS-61",22
"Sindh","Provincial Assembly","PS-62",14
"Sindh","Provincial Assembly","PS-63",20
"Sindh","Provincial Assembly","PS-64",44
"Sindh","Provincial Assembly","PS-65",51
"Sindh","Provincial Assembly","PS-66",50
"Sindh","Provincial Assembly","PS-67",45
"Sindh","Provincial Assembly","PS-68",9
"Sindh","Provincial Assembly","PS-69",6
"Sindh","Provincial Assembly","PS-7",12
"Sindh","Provincial Assembly","PS-70",14
"Sindh","Provincial Assembly","PS-71",19
"Sindh","Provincial Assembly","PS-72",7
"Sindh","Provincial Assembly","PS-73",21
"Sindh","Provincial Assembly","PS-74",16
"Sindh","Provincial Assembly","PS-75",10
"Sindh","Provincial Assembly","PS-76",12
"Sindh","Provincial Assembly","PS-77",12
"Sindh","Provincial Assembly","PS-78",7
"Sindh","Provincial Assembly","PS-79",8
"Sindh","Provincial Assembly","PS-8",15
"Sindh","Provincial Assembly","PS-80",14
"Sindh","Provincial Assembly","PS-81",1
"Sindh","Provincial Assembly","PS-82",20
"Sindh","Provincial Assembly","PS-83",18
"Sindh","Provincial Assembly","PS-84",33
"Sindh","Provincial Assembly","PS-85",27
"Sindh","Provincial Assembly","PS-86",13
"Sindh","Provincial Assembly","PS-87",33
"Sindh","Provincial Assembly","PS-88",20
"Sindh","Provincial Assembly","PS-89",36
"Sindh","Provincial Assembly","PS-9",15
"Sindh","Provincial Assembly","PS-90",20
"Sindh","Provincial Assembly","PS-91",33
"Sindh","Provincial Assembly","PS-92",41
"Sindh","Provincial Assembly","PS-93",24
"Sindh","Provincial Assembly","PS-94",27
"Sindh","Provincial Assembly","PS-95",33
"Sindh","Provincial Assembly","PS-96",36
"Sindh","Provincial Assembly","PS-97",30
"Sindh","Provincial Assembly","PS-98",24
"Sindh","Provincial Assembly","PS-99",20
"Sindh","Provincial Assembly","Womens List",94
